Metric,Value
Precision,0.8980646100116414
Recall,0.9618171900568846
F1 Score,0.9288482522481846
ROC AUC,0.9549684631265531
